train_accuracy_list,validation_accuracy_list
0.7714837858220212,0.7616452991452991
0.830448717948718,0.8200854700854701
0.8610765460030166,0.8481303418803419
0.8790252639517345,0.8635683760683761
