train_f1,validation_f1
0.7705896446115621,0.7598626755767958
0.8300452465822422,0.8190215233198366
0.86098515705616,0.8474176647746396
0.8790466683949602,0.8630106522945987
