train_losses,validation_losses
0.04939157107435503,0.03858957569011844
0.028335793290240226,0.029633901710780227
0.021785929975686204,0.024700235021887805
0.0179798438067826,0.021623668215016396
